id,name,created,times_played,last_played
1,Entretien avec Françoise Héritier « La domination masculine est encore partout »,0,0,0
2,Efforts cachés et réflexions déplacées,0,0,0
3,Les inconnus et mon fauteuil : quand je déteste les gens,0,0,0
4,Stop aux idées fausses sur la pauvreté véhiculées par les responsables politiques  #danslavraievie,0,0,0
5,"En Turquie, les femmes défendent leur droit à s’habiller comme elles veulent",0,0,0
6,"Demain, tout commence, d’Hugo Gélin L’indétrônable image du Noir",0,0,0
7,Les confusions entretenues autour de la PMA,0,0,0
8,Respecter les personnes trans,0,0,0
9,"Je suis musulmane et féministe, ne soyez pas surpris !",0,0,0
10,Les garçons ne jouent pas à la poupée,0,0,0
11,"Méduse, Karaba, Sorcière",0,0,0
12,"L’intersectionnalité, nuisible au féminisme ?",0,0,0
13,La question des femmes dans l’espace public,0,0,0
14,Les femmes noires on ne veut pas vous entendre,0,0,0
15,STANDARDS DE BEAUTÉ ET COLORISME,0,0,0
16,The white tourist’s burden / Le fardeau du touriste blanc,0,0,0
17,"Zyed et Bouna : racisme structurel, justice environnementale et pratiques de notre solidarité",0,0,0
18,La notion de victime dans un contexte d’oppression systémique,0,0,0
19,Féministes mais anti-voile : un argumentaire à l’usage du féminisme non-excluant,0,0,0
20,"Conseils juridiques – Violences conjugales, entretien avec une avocate",0,0,0
21,LES 10 IDÉES REÇUES SUR LES GROS-SES,0,0,0
22,POURQUOI ON RESTE ?,0,0,0
23,Le grand costaud et la petite chose : représentations des corps masculins et féminins dans le cinéma d’animation contemporain,0,0,0
23,Jouons au bingo antiraciste!,0,0,0
24,Donner la parole aux personnes intersexes,0,0,0
24,6 questions à une personne atteinte de schizophrénie,0,0,0
25,Ce que les hommes ne comprendront jamais,0,0,0
26,« Va mener les vrais combats ailleurs » dit Mr Vrais Combats.,0,0,0
27,Quelques mots sur l’intersexuation (IS),0,0,0
28,Comment peut-on être musulmane et féministe?,0,0,0
29,"Le « female gaze » dans les séries, un contre-pouvoir révolutionnaire et nécessaire",0,0,0
30,White guys are so proud of their ability not to get offended,0,0,0
31,Je ne serai jamais qu’un allié (et c’est fantastique),0,0,0
32,"POURQUOI, EN TANT QU’HOMME, JE LA FERME LORS DES RÉUNIONS FÉMINISTES",0,0,0
33,[podcast] 7 CHEEK PODCASTS À ÉCOUTER AU MOIS D’AOÛT,0,0,0
34,[podcast] Comment en finir avec le mythe de la virilité?,0,0,0
35,DOIT-ON SE DÉBARRASSER DU MOT “FÉMINISME”?,0,0,0
36,Dossier nouveaux féminismes / Pour elles féminisme et religion ne sont pas incompatibles,0,0,0
37,"GRÂCE À CE GLOSSAIRE, VOUS POURREZ ENFIN DÉCRYPTER UNE CONVERSATION FÉMINISTE",0,0,0
38,"D’UN POINT DE VUE FÉMINISTE, LE PREMIER GOUVERNEMENT DE L’ÈRE MACRON DÉÇOIT DÉJÀ",0,0,0
39,"AVEC LE COLLECTIF GRAS POLITIQUE, ELLES DÉNONCENT LES RAVAGES DE LA GROSSOPHOBIE",0,0,0
40,Sexisme dans la publicité: la data montre que rien n’a changé,0,0,0
41,LÉA DOMENACH DÉMONTE LES STÉRÉOTYPES DE GENRE À TRAVERS UN WEBDOC PASSIONNANT,0,0,0
42,Merci de bien vouloir bander en silence,0,0,0
43,L’injuste Milieu,0,0,0
44,Pourquoi les mecs devraient ils être féministes?,0,0,0
45,"Les salopes, c’est bien",0,0,0
46,Peut-on faire des blagues racistes/misogynes/homophobes sans être un gros con?,0,0,0
47,Pourquoi pas les poils?,0,0,0
48,Les clients sont des gros cons comme les autres,0,0,0
49,Une bonne fois (pour toutes?),0,0,0
50,#superhumans ?,0,0,0
51,J’ai loupé ma vie d’héroïne,0,0,0
52,"Jean-Yves LE NAOUR, Catherine VALENTI, Histoire de l’avortement (XIXe-XXe siècle)",0,0,0
53,Genre et militantisme dans le Mouvement pour la liberté de l’avortement et de la contraception. Pratique des avortements (1973-1979),0,0,0
54,Camp d’été décolonial : qui a peur de la non-mixité et de l’antiracisme politique ?,0,0,0
55,Du voile et des émotions impérissables qui insistent à se montrer,0,0,0
56,"Le « dévoilement » des femmes, une longue histoire française",0,0,0
57,[vidéo] « Paroles de musulmanes »,0,0,0
58,Les hommes sont-ils discriminés en matière de garde d’enfant?,0,0,0
59,Alliés masculins: féministes ou proféministes?,0,0,0
60,Drague féministe: 7 conseils pour inviter une femme à sortir,0,0,0
61,Pourquoi des femmes ne sont pas féministes,0,0,0
62,Tais-toi et crois-moi,0,0,0
63,Trois signes que ton amour pour un homme interfère avec ton féminisme,0,0,0
64,Trois choses plus probables que d’être faussement accusé de viol,0,0,0
65,Comment la garde partagée met les femmes en danger,0,0,0
66,Le « Slut Shaming »,0,0,0
66,Le côté sombre de la garde partagée: une atteinte à l’autonomie des mères,0,0,0
67,6 signes que tu n’es pas vraiment contre la culture du viol,0,0,0
68,8 choses que les hommes peuvent faire à part « nous croire » #StopCultureDuViol,0,0,0
69,Féminisme au masculin : l’obstacle insurmontable,0,0,0
70,Les femmes aussi sont sexistes? Revenez-en!,0,0,0
71,"Le coup de poing dans la gueule, presque, un mercredi soir.",0,0,0
72,10 Ways to Avoid Everyday Ableism / 10 manières d’éviter le validisme ordinaire,0,0,0
73,[BD] White privilege explained in one simple comic,0,0,0
74,5 moyens pour les personnes bénéficiants du privilège de la minceur peuvent faire pouvoir combattre la grossophobie,0,0,0
75,The Black Feminist’s Guide to the Racist Sh*t That Too Many White Feminists Say,0,0,0
76,[anglais] Ce que veut dire le mot « privilège » / What Privilege Really Means (And Doesn’t Mean) – To Clear Up Your Doubts Once and For All,0,0,0
77,7 raisons pour lesquelles les personnes blanches ne devraient pas porter des coiffures de personnes noires7 Reasons Why White People Should Not Wear Black Hairstyles,0,0,0
78,11 façons que les blanc-hes évitent de prendre leur responsabilité dans le racisme aux états unis / 11 Common Ways White Folks Avoid Taking Responsibility for Racism in the US,0,0,0
79,This White Feminist Loved Her Dreadlocks – Here’s Why She Cut Them Off,0,0,0
80,3 Differences Between the Terms ‘Gay’ and ‘Queer’ — and Why It Matters,0,0,0
81,3 leçons importantes de mes erreurs en tant qu’allié-es mince auprès des mouvements bodypositive /  Important Lessons From My Mistakes as a Thin Ally to Fat Acceptance Movements,0,0,0
82,8 Signs Your Yoga Practice Is Culturally Appropriated – And Why It Matters,0,0,0
83,[anglais] Est ce que les hommes devraient s’appeller féministes ou pro féministes ? / Should Men Call Themselves ‘Pro-Feminist’ Instead of ‘Feminist’?,0,0,0
84,[vidéo] Est ce que le privilège de la minceur est réél ?,0,0,0
85,Mon maquillage n’est pas anti-féministe mais ton body policing l’est,0,0,0
86,"A vendre : pride colorée dans une ville pittoresque, proposition peu sérieuse s’abstenir",0,0,0
87,Fat people doing sport,0,0,0
88,[anglais] Privilege 101,0,0,0
89,Le respect de la parole des concerné-es,0,0,0
90,Ce que le racisme doit à la race : une perspective (dé)constructiviste,0,0,0
91,120 minutes de colère,0,0,0
92,[anglais] Ne vous faites pas avoir par la nouvelle campagne d’H&M / Don’t Fall For the New H&M Campaign,0,0,0
93,Haut conseil à l’égalité Rapport sexisme,0,0,0
94,"je suis queer, prostituée, politique (et je vais très bien)",0,0,0
95,Je déteste les personnages féminins forts (traduction),0,0,0
96,L’évolution inexistante des mentalités sur les femmes mesurée par le thermomètre C’est mon choix,0,0,0
97,"À la rencontre du blogueur guadeloupéen João Gabriell, éveilleur de consciences",0,0,0
98,[podcast] Peut-on être féministe et aimer le rap?,0,0,0
99,PETIT GUIDE DE CONVERSATION SUR LE RACISME ANTI-ASIATIQUE,0,0,0
100,Les injonctions à la féminité dans la societé et comment je les gère,0,0,0
101,Le féminisme n’est pas une police des moeurs ni une manière de fliquer les gens.,0,0,0
102,"Bowie, Le Consentement Des Femmes Et La Responsabilité Des Hommes",0,0,0
103,Entre Espoir Et Souffrance – Vécu D’unæ Bigenre Non-Binaire,0,0,0
104,« Faux Viols » : Réfléchissez Un Peu !,0,0,0
105,Grossophobie et santé,0,0,0
106,"La Décence, Chèr-E-S Blanc-He-S…",0,0,0
107,La Non-Mixité Pour Les Nuls (Et Les Autres),0,0,0
108,L’affaire Rachel Dolezal,0,0,0
109,Laisse Couler.,0,0,0
110,Le Consentement Pour Les Nuls,0,0,0
111,Le Viol Parfait,0,0,0
112,Les 8 Choses Qu’on Entend Forcément Lors D’un Débat Féministe,0,0,0
113,"Militantisme, Loi Travail, Violences Policières Et Suprématisme Blanc",0,0,0
114,Ne Me Dites Pas Que Je Suis Normale,0,0,0
115,"La Non-Binarité, Quoi Qu’est-Ce ?",0,0,0
116,Non tu ne fais pas ta grosse,0,0,0
117,Note De Service À L’attention Des Hommes Cis Hétéros,0,0,0
118,Orientalisme part 1 : qu’est-ce que l’orientalisme ?,0,0,0
119,Pour Le Silence…,0,0,0
120,Qu’y A-T-Il De Mal À Faire De L’appropriation Culturelle? Ces 9 Réponses Révèlent Pourquoi C’est Blessant.,0,0,0
121,[So Queer !] Partie 1/ Kézako ?,0,0,0
122,Le syndrome du couscous,0,0,0
123,Le gang misandre,0,0,0
124,"Prostitution : la pénalisation des clients, une rééducation par la honte perdue d’avance",0,0,0
125,« Revenge porn » : il s’agit de violence conjugale. La loi doit clairement le mentionner,0,0,0
126,"Islam, voile : Elisabeth Badinter sème la division. Elle complique notre rôle d’enseignant",0,0,0
127,"Oui, on peut porter le voile et être féministe. Cette phobie française repose sur un déni",0,0,0
128,"Une victime de viol qui ne se débat pas, ça ne veut pas dire qu’elle consent",0,0,0
129,Je finirai par ouvrir une coopérative fruitière,0,0,0
130,Les violeurs,0,0,0
131,Poire le nice guy: portrait robot,0,0,0
132,Poire le Player,0,0,0
133,Poire le violeur : quand « séduire » devient « faire céder »,0,0,0
134,Pourquoi je ne suis pas pro-sexe,0,0,0
135,"Toutes des salopes, ou le mythe du mec trop gentil",0,0,0
136,Antisionisme et antisémitisme ne sont pas synonymes,0,0,0
137,"au bénéfice du capitalisme… ou des hommes ? Le travail ménager, son partage inégal et comment le combattre (Deuxième partie)",0,0,0
138,Au-delà du symbole et du rêve,0,0,0
139,Ce que l’intersectionnalité signifie pour moi,0,0,0
140,De l’urgence d’en finir avec le « racisme anti-blanc »,0,0,0
141,Réflexions sur la domination adulte – Partie 4 : Déni de capacité,0,0,0
142,Réflexions sur la domination adulte – Parie 5 : En finir avec l’adulte,0,0,0
143,Généalogie de la « beurette »,0,0,0
144,Réflexions sur la domination adulte – Partie 2 : « L’intérêt supérieur de l’enfant »,0,0,0
145,Réflexions sur la domination adulte – Partie 3 : L’’occultation de nos enfances,0,0,0
146,La construction juridique du corps d’exception homosexuel (première partie),0,0,0
147,La non-mixité : une nécessité politique,0,0,0
148,La question blanche (deuxième partie),0,0,0
149,La question blanche (première partie),0,0,0
150,La question blanche (quatrième partie),0,0,0
151,La question blanche (troisième partie),0,0,0
152,"le « travail ménager », son « partage inégal » et comment le combattre",0,0,0
153,"les causes de l’inertie Le travail ménager, son partage inégal et comment le combattre (Troisième partie)",0,0,0
154,"les « paternités imposées », l’invention d’un faux problème",0,0,0
155,Les roms : une nation sans territoire ? (troisième partie),0,0,0
156,Les roms : une nation sans territoire ? (première partie),0,0,0
157,Les roms : une nation sans territoire ? (Deuxième partie),0,0,0
158,Malgré le handicap,0,0,0
159,Nos amis et nous,0,0,0
160,Privés de langue,0,0,0
161,Quand des féministes soutiennent des lois racistes,0,0,0
162,"« sale bête », « sale nègre », « sale gonzesse »",0,0,0
163,Sois blanche et tais-toi !,0,0,0
164,soumission bien assumée,0,0,0
165,#superhumans ?,0,0,0
166,Un féminisme sélectif,0,0,0
167,Un racisme post-colonial,0,0,0
168,Réflexions sur la domination adulte – Partie 1 : Violence parentale,0,0,0
169,Vous avez dit « enculé » ?,0,0,0
170,Vous avez dit « race sociale » ?,0,0,0
171,Comédies françaises : dites bonjour à l’humour de droite décomplexé,0,0,0
172,Comment reconnaître un homme violent ?,0,0,0
173,Qu’est ce que le travail sexuel?,0,0,0
174,Une étudiante voilée : « J’ai l’impression que les politiques n’ont jamais côtoyé de femmes musulmanes »,0,0,0
175,La non mixité à quoi ça sert?,0,0,0
176,Cher-es ami-es non gros,0,0,0
177,Petite et grande histoire du féminisme en bande dessinée,0,0,0
178,Comment et pourquoi je ne me lave plus le vagin et la vulve,0,0,0
179,Y’en a marre – Va chier avec ta tolérance !,0,0,0
180,Corps noir: la chair à canon du white gaze »artistique »,0,0,0
181,"LE TEST DE BECHDEL, UN LABEL FÉMINISTE",0,0,0
182,"Génération nappy : le cheveu, nouvelle arme politique des afro-féministes",0,0,0
183,« La ville comme espace genré » : entretien avec Édith Maruéjouls,0,0,0
184,Comprendre le colorblind(ness),0,0,0
185,Pourquoi j’ai arrêté d’être un volontouriste / THE PROBLEM WITH LITTLE WHITE GIRLS (AND BOYS): WHY I STOPPED BEING A VOLUNTOURIST,0,0,0
186,"LE BUSINESS DU VOLONTOURISME, L’HUMANITAIRE IMAGINAIRE",0,0,0
187,Dark Girls : comprendre le colorisme pour mieux le combattre,0,0,0
188,Boys Don’t Cry! _  Les coûts de la domination masculine,0,0,0
189,Le grand méchant client,0,0,0
190,Le sexe est un travail,0,0,0
191,Les putes sont des victimes d’inceste (et c’est mal),0,0,0
192,Viol ordinaire: Se réconcilier sur l’oreiller,0,0,0
193,Pour une non-mixité entre féministes,0,0,0
194,Le travail du sexe contre le travail,0,0,0
195,Comment être un·e bon·ne allié·e hétéro des personnes non hétéros ?,0,0,0
196,D’où je viens ? De l’utérus de ma mère. *,0,0,0
197,Le validisme : L’invisibilisation et la silenciation des personnes malades au sein de la société,0,0,0
198,« On ne peut pas être femme sans être mère »,0,0,0
199,La bisexualité pour les nul·le·s,0,0,0
200,"« Oui je suis féministe, oui j’ai avorté, oui je l’ai mal vécu. »",0,0,0
201,« Et du coup tu vas bientôt devenir lesbienne ? »,0,0,0
202,"Le white passing, la lutte antiraciste et moi",0,0,0
203,Manifeste pour une fin de la malbaise,0,0,0
204,Écriture inclusive : pourquoi et comment s’y mettre,0,0,0
205,Ne m’appelez plus jamais « exotique »,0,0,0
206,Du racisme dans le milieu gay,0,0,0
207,"Kimberlé Crenshaw, l’intersectionnalité  et le féminisme français",0,0,0
208,[podcast] Sélection de podcasts militants pour ambiancer ton hiver 1/2,0,0,0
209,[vidéo] Les différences cognitives entre hommes et femmes : mythes et réalité,0,0,0
210,La licorne du genre,0,0,0
211,Le mot “autrice“ vous choque-t-il ?,0,0,0
212,LA SEXCAM POUR PRENDRE CONFIANCE EN SON CORPS ?,0,0,0
213,La zone grise du consentement,0,0,0
214,Justice pour Adama,0,0,0
215,Expliquez-moi le mépris de classe ordinaire,0,0,0
215,Expliquez moi le mépris de classe ordinaire,0,0,0
216,La domination masculine dans l’espace public,0,0,0
217,EXPLIQUEZ-MOI LA CULTURE DU VIOL,0,0,0
218,EXPLIQUEZ-MOI L’INTÉRÊT DE LA NON-MIXITÉ MILITANTE,0,0,0
219,"LA PAROLE DES CONCERNÉ·E·S : ENTRE ÉMANCIPATION, CONFISCATION ET RISQUES D’ESSENTIALISATION",0,0,0
220,EXPLIQUEZ-MOI POURQUOI NOUS SOMMES TOU·TE·S PROBLÉMATIQUES,0,0,0
221,"LE PRO-FEM, OU L’HISTOIRE D’UN TAS DE MERDE",0,0,0
222,BLACKFACE ET APPROPRIATION CULTURELLE : MON IDENTITÉ N’EST PAS UN DÉGUISEMEN,0,0,0
223,LE LEXIQUE PIMENTÉ DE LA NON-MIXITÉ,0,0,0
224,À UN POIL PRÈS… LA PILOSITÉ FÉMININE,0,0,0
225,To bi or not to bi* – Bisexualité et biphobie,0,0,0
226,"Visibilité des femmes trans dans la pop culture : « privilège », vous avez dit ?",0,0,0
227,Après le viol : le syndrome post-traumatique,0,0,0
228,CHIRURGIE BARIATRIQUE : UNE « SOLUTION DE FACILITÉ » PAS SI FACILE,0,0,0
229,Grossophobie cinématographique,0,0,0
230,Séries et bisexualité [1/2] « de quelle représentation parle-t-on? » : entre invisibilisation et préjugés,0,0,0
231,Du docu dans vos oreilles #3 – Spécial radios alternatives LGBT+,0,0,0
232,STAR WARS ET LA DIVERSITÉ : UN NOUVEL ESPOIR ?,0,0,0
233,"Le Fou, premier personnage gay chez Disney ? Walt Dis-Nice-Try !",0,0,0
234,Le monde des dys,0,0,0
235,[video] Féminisme : la 3e vague ?,0,0,0
236,Les comédies romantiques confondent trop souvent harcèlement et romantisme,0,0,0
237,"Messieurs, voilà comment vous pouvez vous rendre utiles ce 8 mars",0,0,0
238,Le discours sur l’excision doit changer,0,0,0
239,L’invention de la cellulite,0,0,0
240,Comment prendre en compte les élèves trans,0,0,0
241,[vidéo] Première vague du féminisme,0,0,0
242,VERBATIM. L’intégralité du discours de Simone Veil du 26 novembre 1974 sur l’IVG,0,0,0
243,Gabrielle Deydier a écrit « On ne naît pas grosse » et elle va mieux,0,0,0
244,"A mon amie, pas choquée par ce titre de ELLE : « Les bras, c’est le nouveau décolleté ! »",0,0,0
245,Dressage au collège : comprendre par l’humiliation qu’il « faut » s’épiler,0,0,0
246,Garde d’enfants : les vrais chiffres d’un juge aux affaires familiales,0,0,0
247,"J’ai testé le porno féministe, à mille lieues du porno version YouPorn",0,0,0
248,"Je suis prostituée et je l’ai choisi, vous m’avez posé vos questions",0,0,0
249,"Peur dans la ville : oui messieurs, si vous pouviez changer de trottoir…",0,0,0
250,"Misungui, une meuf qui « fait la pute » mais pas que",0,0,0
251,"« Allô IVG.net, je veux avorter », ou comment s’énerver toute seule",0,0,0
252,« L’agressivité de la police est triplée quand les contrôlés ne sont pas blancs »,0,0,0
253,"Femmes et musulmanes, des « cumulardes de l’exclusion » prennent la parole",0,0,0
254,Your White Savior Complex is detrimental to my development,0,0,0
255,Comment prendre soin de son vagin et sa vulve,0,0,0
256,Salut camarade sexiste! Être un allié pour les femmes en 40 points.,0,0,0
257,Le sexisme expliqué à ceux qui n’y croient pas,0,0,0
258,L’humour est une chose trop sérieuse…,0,0,0
259,…pour être laissée à des rigolos,0,0,0
260,Sociologie du harcèlement dans les lieux publics,0,0,0
261,Critique de la culture troll (1),0,0,0
262,Critique de la culture troll (2) : autopsie du politiquement incorrect,0,0,0
263,L’impolitesse du desespoir,0,0,0
264,Assumer son humour (à la con),0,0,0
265,Le racisme comme système,0,0,0
266,En finir avec l’opposition égalité/équité,0,0,0
267,Mais que devient l’argent des pauvres ?,0,0,0
268,Comment j’ai su que j’étais aromantique ?,0,0,0
269,La place des personnes assignées femmes dans le féminisme,0,0,0
270,Le mythe d’être né’e dans le mauvais corps,0,0,0
271,Petit tour d’horizon sur le spectre aromantique,0,0,0
272,Transphobie dans le mouvement féministe,0,0,0
273,Dessine-moi un éléphant,0,0,0
274,SEXE OBLIGATOIRE,0,0,0
275,"L’antispécisme, l’insémination artificielle et le viol",0,0,0
276,Viol: 84.000 femmes victimes en un an et seules 10.461 plaintes déposées,0,0,0
277,Archives du féminisme,0,0,0
278,"Auteur, auteure ou autrice ?",0,0,0
279,Guide à l’usage des auteurs qui écrivent des livres sexistes (mais qui font pas exprès),0,0,0
280,Une nettoyeuse belge sur trois victime de violences sexuelles au travail,0,0,0
281,Karen Messing dévoile les souffrances invisibles au travail,0,0,0
282,Assimilation Culturelle & Appropriation Culturelle : Rend moi mon identité,0,0,0
283,Le Colorisme,0,0,0
284,Le privilège blanc pour les nuls : déconstruction,0,0,0
285,UNE HISTOIRE DU 8 MARS : DES ORIGINES OUVRIÈRES À LA RÉCUPÉRATION COMMERCIALE,0,0,0
286,La place des femmes dans l’espace public,0,0,0
287,"Viols à Paris: « Dans 1 cas sur 2, la victime connaît son agresseur »",0,0,0
288,JE M’APPELLE FATOU ÇA VOUS POSE UN PROBLEME?,0,0,0
289,"La future avocate Anina Ciuciu, première sénatrice rom en France ?",0,0,0
290,"Moi, Miguel, Noir, végétarien… et confronté aux préjugés racistes",0,0,0
291,"Stars et agresseurs sexuels, le combo tabou",0,0,0
292,Caméra Cliché 2 : quand le cinéma français renforce les stéréotypes,0,0,0
293,Travail sexuel : pourquoi pénaliser les clients est une mauvaise idée,0,0,0
294,Ne m’appelez plus jamais beurette,0,0,0
295,"QUI ES-TU : Mrs Roots, blogueuse afroféministe",0,0,0
296,Être féministe. Aimer les hommes. Ou pas.,0,0,0
297,"Les hommes qu’on aime, leur « féminisme », notre défaite",0,0,0
298,"Vouloir que les hommes comprennent, cette entrave à nos luttes",0,0,0
299,Comprendre l’instrumentalisation du féminisme à des fins racistes pour résister,0,0,0
300,7 Reasons So Many Guys Don’t Understand Sexual Consent,0,0,0
301,Education non genrée,0,0,0
302,psst,0,0,0
303,Comprendre la culture du viol,0,0,0
304,Hommes et féminisme,0,0,0
305,La galanterie est une forme de sexisme,0,0,0
306,Où sont les violeurs ?,0,0,0
307,"Pick up artists, séduction à la française et consentement des femmes",0,0,0
308,Détruire la virilité,0,0,0
309,Les hommes qui voudraient s’intéresser au féminisme,0,0,0
310,"Homophobie, sexisme et délit de féminité",0,0,0
311,Culture du viol et disposition du corps des femmes,0,0,0
312,Pourquoi le mot humanisme ne peut remplacer le mot féminisme,0,0,0
313,Les avantages à naître et grandir homme en France,0,0,0
314,Valider à tout prix le physique des femmes,0,0,0
315,L’insupportable présence des femmes dans le féminisme,0,0,0
316,Qu’est-ce que le consentement féminin dans l’hétérosexualité ?,0,0,0
317,La culture du viol,0,0,0
318,Non mixité : l’agressivité des agressées,0,0,0
319,Les hommes sont-ils tous des violeurs ?,0,0,0
320,"Défendre les droits vestimentaires des femmes, quels qu’ils soient, pour défendre toutes les femmes",0,0,0
321,L’insupportable haine envers les femmes,0,0,0
322,De la banalité des violences sexuelles,0,0,0
323,Résumé de Le rose et le bleu La fabrique du féminin et du masculin,0,0,0
324,"Le domicile, un espace sûr pour les femmes ?",0,0,0
325,L’insupportable violence du féminisme,0,0,0
326,"Critique film, The danish girl",0,0,0
327,Rendre la parole à ceux à qui on la vole,0,0,0
328,11 manières dont les Blancs fuient leurs responsabilités face au racisme,0,0,0
329,Ce que le mot « racisé-e » exprime et ce qu’il masque,0,0,0
330,Expliquer le privilège blanc à une personne blanche et pauvre,0,0,0
331,La fragilité blanche : pourquoi est-ce si dur de parler aux Blancs de racisme ?,0,0,0
332,LA PUISSANCE IMPARFAITE DE « I AM NOT YOUR NEGRO »,0,0,0
333,"« Le ventre des femmes. Capitalisme, racialisation, féminisme », de Françoise Vergès : une recension",0,0,0
334,Violences sexuelles : que sait-on de l’amnésie traumatique ?,0,0,0
335,Sex robots epitomize patriarchy and offer men a solution to the threat of female independence,0,0,0
336,[vidéo] Datagueule : des chiffres contre les idées reçues sur les migrants,0,0,0
337,« J’ai été violée 70 fois en 17 ans de rue » : le grand tabou des agressions sexuelles sur les femmes SDF,0,0,0
338,Ne pas se raser n’est pas toujours un choix pour les femmes racisées / NOT SHAVING ISN’T ALWAYS A CHOICE FOR WOMEN OF COLOUR,0,0,0
339,Genre et ville,0,0,0
340,Techni-Cités – La ville a-t-elle un sexe?,0,0,0
341,La première cause de mortalité pour les femmes de 19 à 44 ans est… la violence domestique!,0,0,0
342,A propos de la grossophobie,0,0,0
343,Avis pour une juste condamnation sociétale et judiciaire du viol et autres agressions sexuelles,0,0,0
344,Violences de genre – Repère statistiques,0,0,0
345,29 films à regarder pour le black history month / 29 Classic Movies To Watch In Honor Of Black History Month,0,0,0
346,"Dear Lesbians And Gays — I’m Bisexual And You Treated Me Like Crap /Cher gays et lesbiennes, je suis bisexuel-lle et vous m’avez traité comme de la merde",0,0,0
347,[anglais] The Toll Of Historically Pitting Asians Against Blacks,0,0,0
348,Blackface : une rédactrice beauté du magazine ELLE France crée le malaise aux États-Unis,0,0,0
349,Ce que les affaires Depp et Baupin nous apprennent sur la manière de traiter les violences envers les femmes au quotidien,0,0,0
350,Partage des tâches ménagères: arrêtez de dire aux femmes « il fallait demander »,0,0,0
351,Le clitoris est enfin correctement représenté (mais dans un seul manuel scolaire de SVT sur huit),0,0,0
352,"Les prostituées, premières victimes de la nouvelle loi",0,0,0
353,"En tant qu’homme, je ne suis pas féministe, peut-être proféministe",0,0,0
354,Films réalisés par par des femmes racisées et non occidentales / Movies directed by women of color and nonwestern women,0,0,0
355,La faute à Ève,0,0,0
356,La résidence des enfants de parents séparés De la demande des parents à la décision du juge,0,0,0
357,[illustration] Nos gros mots sont des blaireaux.,0,0,0
358,"Aux États-Unis, les petites filles noires seraient perçues comme moins innocentes que les blanches",0,0,0
359,"Jérémy, séropositif, raconte la sérophobie dans une vidéo pour « libérer la parole sur un sujet encore tabou »",0,0,0
360,La revanche d’une blande,0,0,0
361,"Muriel Salmona : «Pour ne pas mourir de stress, le cerveau déconnecte»",0,0,0
362,Pourquoi l’appropriation culturelle peut-elle nuire?,0,0,0
363,11 conseils pour être un.e bon.ne allié.e,0,0,0
364,3 injonctions contradictoires faites aux femmes musulmanes,0,0,0
365,4 raisons d’arrêter d’appeler « Mahomet » le prophète de l’islam,0,0,0
366,4 réponses à l’argument « Les musulman.e.s doivent aussi s’adapter »,0,0,0
367,6 faits sur l’Islam en Asie du Sud-Est qui bousculent les préjugés,0,0,0
368,6 raisons pour lesquelles les réunions en non-mixité sont importantes,0,0,0
369,8 raisons de ne pas utiliser le terme « racisme anti-Blanc »,0,0,0
370,« Harceler les femmes n’est pas une preuve de ta virilité »,0,0,0
371,Médias et responsabilité : le rôle des médias français dans l’islamophobie actuelle,0,0,0
372,Mon rapport au rap en tant que femme racisée,0,0,0
373,Pour en finir avec le « mais les hommes aussi subissent le sexisme »,0,0,0
374,"Rester en France ou partir à l’étranger, le dilemme d’une femme musulmane épuisée",0,0,0
375,Top 8 des stéréotypes de femmes racisées dans le cinéma français,0,0,0
376,Tu es Française musulmane ou Musulmane française ? Ces grands débats inutiles et imposés,0,0,0
377,10 films pour comprendre le « syndrome Trinity »,0,0,0
378,Festival Chéries-Chéris 2016 : du cinéma LGBTQI engagé,0,0,0
379,Gloire aux costauds !,0,0,0
380,Boîte à outils d’analyse de films,0,0,0
381,Les 100 meilleurs films américains – il paraît,0,0,0
382,Méchants et méchantes chez Disney (1) : Femmes fortes,0,0,0
383,Méchants et méchantes chez Disney (2) : Hommes faibles,0,0,0
384,The Danish Girl : un mélo transphobe,0,0,0
385,Envoyer des avions de nourriture en Somalie ne sauvera personne de la famine,0,0,0
386,"Lallab, le nouveau visage du féminisme musulman",0,0,0
387,"Genre, le désaccord",0,0,0
388,"La rue, fief des mâles",0,0,0
389,La marche paradoxale des femmes vers l’émancipation,0,0,0
390,Islam et « agressions vestimentaires » : le grand emballement des faits divers,0,0,0
391,A quoi les migrants ont-ils vraiment droit en France ?,0,0,0
392,Quatre chiffres pour comprendre l’ampleur de la « grossophobie »,0,0,0
393,"A la maison, au travail ou dans la rue : les chiffres des violences contre les femmes",0,0,0
394,"Act Up, la fureur de vivre",0,0,0
395,Faut-il être mince pour coucher ?,0,0,0
396,"Des associations étrillent la modération de Twitter, YouTube et Facebook.",0,0,0
397,Des adolescents portent plainte pour violences policières,0,0,0
398,"Les femmes et leur place en ville, de Baltimore à Bombay",0,0,0
399,"Sexisme, harcèlement de rue, mixité : les femmes à la reconquête de l’espace public",0,0,0
400,Le Comité d’éthique favorable à la PMA pour les couples lesbiens et les célibataires,0,0,0
401,Les jeunes noirs ou arabes ont 20 fois plus de risques d’être contrôlés par la police,0,0,0
402,"“Fat shaming week”, l’odieux lâchage des machos américains",0,0,0
403,Hanane Karimi : la mosquée pour tous,0,0,0
404,Genre et urbanisme : “La ville est un espace de loisir pour les hommes”,0,0,0
405,"De Rémi Gaillard au slut-shaming: la culture du viol, c’est quoi?",0,0,0
406,Qu’est-ce que l’afro-féminisme ?,0,0,0
407,"“Avec le harcèlement de rue, la ville reste le domaine des hommes”",0,0,0
408,"A Glastonbury, l’espace réservé aux femmes est-il pertinent ?",0,0,0
409,On a parlé féminisme avec Rokhaya Diallo,0,0,0
410,On a parlé féminisme avec Hanane Karimi,0,0,0
411,Les hommes ont tout intérêt à être féministes et l’ont bien compris,0,0,0
412,“Naked War” : pourquoi les Femen utilisent leur corps comme une arme,0,0,0
413,Pourquoi misogynie assumée et misogynie honteuse persistent dans nos sociétés contemporaines ?,0,0,0
414,Parole de prostituée: « Mes clients ne sont pas des bêtes enragées! »,0,0,0
415,Famille: pourquoi les pères divorcés obtiennent-ils rarement la garde des enfants?,0,0,0
416,Les jouets n’ont pas de sexe: comment lutter contre les stéréotypes?,0,0,0
417,"« Merci Messieurs, mais nous n’avons pas besoin de vous pour réfléchir »",0,0,0
418,"Non, le violeur type n’a pas 34 ans et n’est pas de nationalité étrangère",0,0,0
419,"Tourisme humanitaire, frisson temporaire: « Je ne pensais qu’à moi »",0,0,0
420,« Mon sexe n’est pas normal » ou le complexe des grandes petites lèvres,0,0,0
421,Handicap : ces militants qui cassent les codes,0,0,0
422,"Le voile, pas plus aliénant que la minijupe, par Esther Benbassa",0,0,0
423,Marianne et le garçon noir,0,0,0
424,Tous égaux devant la médecine… Surtout les hommes,0,0,0
425,Françoise Vergès : «Les féministes blanches n’ont pas intégré dans leur histoire les avortements forcés de la Réunion»,0,0,0
426,"Après « 120 battements par minutes », épargnez-vous vos louanges",0,0,0
427,Priya Fielding-Singh : «La nourriture permet d’atténuer les privations matérielles»,0,0,0
428,"Victimes de cyberharcèlement, elles témoignent",0,0,0
429,Le racisme anti-blanc n’est pas une expérience de masse,0,0,0
430,Pourquoi le racisme anti-asiatique est-il sous-estimé en France ?,0,0,0
431,"Grossophobie : les obèses, invisibles de la société française",0,0,0
432,"Affaire Baupin, tuto gynéco, offensive anti-IVG : mai dans la vie des femmes",0,0,0
433,Tourisme humanitaire: la vraie fausse pitié,0,0,0
434,"AfterBaiz, le site anti-IVG déguisé qui cherche à vous baiser",0,0,0
435,Je veux comprendre… le slut-shaming,0,0,0
436,Inventaire,0,0,0
437,"Des hommes, des vrais ?",0,0,0
438,Les enfants : révélateurs de nos rapports aux espaces publics,0,0,0
439,"Yves Raibaud : « La ville durable est faite pour les hommes blancs, hétérosexuels, en bonne santé et sans obligations familiales »",0,0,0
440,Le privilège masculin et le “privilège blanc”,0,0,0
441,Les filles sont drôles comme l’éclair,0,0,0
441,Les filles sont drôles comme l’éclair.,0,0,0
442,[Bd] Friendzone + Girlfriendzone : le combat des choses nulles,0,0,0
443,"Barbie versus Musclor, ou l’allégorie de la mauvaise foi",0,0,0
444,[BD] Les personnages féminins forts : bagarre mais pas seulement.,0,0,0
445,L’impunité des hommes célèbres.,0,0,0
446,1 internaute sur 8 a déjà été victime de revenge porn,0,0,0
447,"Insultes, menaces, appels au viol : enquête sur le cyberharcèlement sexiste",0,0,0
448,[TÉMOIGNAGE] « Je suis séropositif indétectable »,0,0,0
449,"[podcast] Dans le Genre Paul B. Preciado, « trans-viril »",0,0,0
450,[podcast] Dans le genre de Gabrielle Deydier,0,0,0
451,[anglais] ‘Model Minority’ Myth Again Used As A Racial Wedge Between Asians And Blacks,0,0,0
452,[vidéo] Nos enfants sous influence,0,0,0
453,[anglais] White Fragility / Fragilité Blanche,0,0,0
454,Foutez-nous la paix avec le body-positive,0,0,0
455,Les usages du racialisme. Le cas de la main-d’œuvre coloniale en France pendant la Première Guerre mondiale,0,0,0
456,"Le clitoris au fil des siècles, de sa découverte à sa mauvaise réputation",0,0,0
457,Le lesbianisme ou l’amour entre femmes dans l’histoire,0,0,0
458,Le privilège blanc (Rokhaya Diallo),0,0,0
459,Les jouets genrés. La domination d’un genre sur un autre s’apprend dès le plus jeune âge,0,0,0
460,"Beauté, jugements et réussite",0,0,0
461,[podcast] Comment peut-on rendre l’espace urbain aux femmes?,0,0,0
462,"Pour toi, les violeurs ne sont pas des « monstres » ? Comment peut-on encore les considérer comme des « êtres humains »?",0,0,0
463,[anglais] Not all men but yes all women,0,0,0
464,Les hommes et les femmes ont le même cerveau. Ne croyez plus les études qui vous disent le contraire,0,0,0
465,[podcast] Comment le racisme vous dépossède de vous-même,0,0,0
466,"À celles qui voudraient, comme Lou Doillon, une émancipation balisée",0,0,0
467,Les comédies romantiques banalisent-elles le harcèlement auprès des femmes?,0,0,0
468,"La «mode islamique», le nouveau visage du débat biaisé sur le voile",0,0,0
469,Pourquoi les femmes sont-elles toujours obligées de sourire?,0,0,0
470,Dénoncer le fléau du «volontourisme» en Afrique avec des poupées Barbie,0,0,0
471,"Inconnue en France, incontournable aux Etats-Unis, qui est bell hooks?",0,0,0
472,"Pourquoi les vestes des hommes ont-elles des poches, et pas celles des femmes?",0,0,0
473,C’est une des expériences les plus humiliantes de ma vie: arrêtez de me toucher les cheveux!,0,0,0
474,Le leurre du féminisme choupi,0,0,0
475,Le fait de se grimer en noir est raciste en France aussi,0,0,0
476,Les jouets genrés exacerbent les différences entre filles et garçons,0,0,0
477,"J’élève mes enfants comme au siècle dernier, je fais beaucoup trop de choses à la maison",0,0,0
478,Les personnages LGBT à la télévision ont une fâcheuse tendance à mourir,0,0,0
479,Comment éviter que vos enfants deviennent racistes?,0,0,0
480,Jérôme Jarre n’a pas vraiment compris le travail des ONG,0,0,0
481,"La méthode Karman, une histoire oubliée de l’avortement illégal en France",0,0,0
482,Le couple mixte est-il encore tabou à Hollywood?,0,0,0
483,Message à propos de ceux qui harcèlent les collaboratrices féministes de Slate.fr,0,0,0
484,Pour celles et ceux qui douteraient que cette image relayée par Gérard Filoche est antisémite,0,0,0
485,A-t-on le droit de parler de racisme d’État?,0,0,0
486,"Sur les applis de rencontre, le racisme est partout",0,0,0
487,"«On m’a expliqué qu’avec un parcours psy comme le mien, mon agresseur ne risquait rien»",0,0,0
488,Le problème avec les hommes qui n’aiment que les femmes asiatiques,0,0,0
489,"L’histoire de M., première personne intersexe au monde à porter plainte pour mutilations",0,0,0
490,"Ces hommes incapables d’entendre un «non» féminin, ou la culture de l’insistance",0,0,0
491,Marketing genré et sexisme: le top 10 des produits «pour femmes» les plus étranges,0,0,0
492,Pour une utilisation décomplexée du mot noir,0,0,0
493,Féminisme islamique: le Coran au féminin,0,0,0
494,IVG: la culture du traumatisme a encore de beaux jours devant elle,0,0,0
495,Etre invisible comme une femme noire en France,0,0,0
496,Faut-il reconnaître le «féminicide» dans le droit français?,0,0,0
497,L’antiracisme commence avec la déconstruction du privilège blanc,0,0,0
498,Pourquoi le noir est-il toujours synonyme de malheur?,0,0,0
499,Syndrome d’asperger le webdoc,0,0,0
500,Lettre ouverte à Lou Doillon et son féminisme périmé,0,0,0
501,What the Fidget Spinners Fad Reveals About Disability Discrimination / Ce que le Fidget Spinners Fad révèle à propos de la discrimination envers les personnes en situation de handicap,0,0,0
502,Les discriminations structurelles : une course inégale,0,0,0
503,"« Sois belle, mince et tais-toi »: quand les marques de vêtements complexent les petites filles",0,0,0
504,"[vidéo] La Réunion des années 1960-1970 : émigration, déportation et contrôle des naissances",0,0,0
505,[vidéo] Rencontre et échanges à l’issue de la projection d’Ouvrir la voix,0,0,0
506,"[vidéo] Clarence Edgard-Rosa : « Sur la question du voile, on parle trop souvent à la place des femmes concernées »",0,0,0
507,Comment rendre votre milieu militant plus inclusif pour les personnes neurodivergentes,0,0,0
508,7 raisons pour lesquelles tant d’hommes ne comprennent pas le consentement sexuel,0,0,0
509,Communication en ligne : 5 principes pour rendre vos contenus web accessibles,0,0,0
510,Britain Wins Gold For Disability Adverts,0,0,0
511,Sur l’utilisation du terme « black » en france…,0,0,0
512,"BlackHERstorymonth#3 : Paulette Nardal, l’oubliée de la négritude.",0,0,0
513,Droit des femmes VS religions?,0,0,0
514,Le féminisme blanc est-il raciste?,0,0,0
515,Féministes d’Afrique : de la dénonciation à la déconstruction?,0,0,0
516,Une comparaison entre misandrie et misogynie,0,0,0
517,"“La presse est un espace blanc mais les  journalistes sont convaincus d’être des essences platoniciennes, des corps en dehors de la société”",0,0,0
518,5 erreurs à éviter quand on défend les animaux,0,0,0
519,Ceci n’est pas de la végéphobie,0,0,0
520,Mythes sur les viols. Partie 1: Quels sont ces mythes ? Qui y adhère ?,0,0,0
521,Les mythes autour du viol et leurs conséquences. Partie 2 : les conséquences pour la victime,0,0,0
522,Mythes autour du viol. Partie 3 : Les mythes sur le viol restreignent la liberté des femmes,0,0,0
523,Mythes autour du viol. Partie 4 : Les mythes sur le viol augmentent la propension au viol.,0,0,0
524,Mythes autour du viol. Partie 5 : Les mythes sur le viol dans les médias,0,0,0
525,Les attributs du pouvoir et leur confiscation aux femmes. Le genre et l’espace. Partie 1 : l’occupation de l’espace,0,0,0
526,Les attributs du pouvoir et leur confiscation aux femmes. Le genre et l’espace. Partie 2 : le temps de parole et le choix des sujets de conversation,0,0,0
527,Les attributs du pouvoir et leur confiscation aux femmes. Le genre et l’espace. Partie 3 : l’expression de la colère,0,0,0
528,Les cultures enclines au viol et les cultures sans viol. Le cas de la culture occidentale,0,0,0
529,"Les femmes, leurs désirs, leur plaisir et leur orgasme",0,0,0
530,L’impuissance comme idéal de beauté des femmes – Introduction,0,0,0
531,L’impuissance comme idéal de beauté des femmes – une faible occupation de l’espace,0,0,0
532,L’impuissance comme idéal de beauté des femmes – une mobilité réduite,0,0,0
533,L’impuissance comme idéal de beauté des femmes – l’infantilisation et la sexualisation,0,0,0
534,L’impuissance comme idéal de beauté des femmes – le sourire,0,0,0
535,L’impuissance comme idéal de beauté des femmes – la répression des désirs,0,0,0
536,L’impuissance comme idéal de beauté des femmes – figures de la laideur féminine,0,0,0
537,La coercition à la beauté,0,0,0
538,L’impuissance comme idéal de beauté des femmes – souffrir pour être belle – la douleur physique,0,0,0
539,L’impuissance comme idéal de beauté des femmes – Universalité des idéaux de faiblesse 1,0,0,0
540,Les cultures enclines au viol et les cultures sans viol. les études interculturelles,0,0,0
541,"Les cultures enclines au viol et les cultures sans viol. Alcool, fêtes & viol – les fraternités étudiantes aux États-Unis",0,0,0
542,Comment les femmes observent l’espace public ? L’exemple des marches exploratoire de la porte de Vanves,0,0,0
543,Introduction à l’asexualité,0,0,0
544,Réaction aux propos de François Fillon « je ne suis pas autiste » et à la récup derrière.,0,0,0
545,A vous qui vous éclatez avec vos Hand Spinner…,0,0,0
546,TROP MOCHE LA VIE : RICHE MAIS HANDICAPE(E),0,0,0
547,HANDICAP ET EMPLOI : LES ARGUMENTS QUI (NOUS) TUENT,0,0,0
548,Niafou Is The New Punk™,0,0,0
549,"Arrêtez d’utiliser l’antisémitisme et les juif.ve.s, merci.",0,0,0
550,Choc toxique: pourquoi la coupe menstruelle et les tampons bio sont mis en cause?,0,0,0
551,«Vivre ensemble» ou « «vivre ensemble égalitaire»?,0,0,0
552,Féministes et lesbiennes blanches pour Adama Traoré,0,0,0
553,Romstorie : L’antitsiganisme combattu ou négligé par les institutions ?,0,0,0
554,Romstorie : Anina au Sénat,0,0,0
555,Pour le droit à la non-mixité,0,0,0
556,Mémoire traumatique et conduites dissociantes,0,0,0
557,Le racisme est un système de privilèges,0,0,0
558,La nécessaire politisation de l’antiracisme,0,0,0
559,Quand la France massacrait les Algériens à Paris,0,0,0
560,The Black Muslim Activist Tearing Down the Boundaries Around Womanhood,0,0,0
561,Quand handicap ne rime pas nécessairement avec a-sexualité,0,0,0
562,Bingo féministe et « mansplaining »,0,0,0
563,« AdopteUnMec » : inversion ne rime pas avec subversion,0,0,0
564,"Sexisme chez les geeks : Pourquoi notre communauté est malade, et comment y remédier",0,0,0
565,"Dans ma bibliothèque – Simone de Beauvoir, Le Deuxième sexe",0,0,0
566,Le « male gaze » (regard masculin),0,0,0
567,Arguments anti-féministes (1) « Les féministes d’aujourd’hui… »,0,0,0
568,"Arguments anti-féministes (2) « Tu es trop agressive, cela nuit à ton message »",0,0,0
569,Arguments anti-féministes (3) « Tu donnes une mauvaise image des féministes »,0,0,0
570,Arguments anti-féministes (4) « On devrait se débarrasser du terme ‘féminisme’ »,0,0,0
571,Arguments anti-féministes (4) A propos du terme « anti-sexisme »,0,0,0
572,Féminisation de la langue: quelques réflexions théoriques et pratiques,0,0,0
573,Arguments anti-féministes (5) « Mais les hommes aussi… »,0,0,0
574,Slogans (4) Mon corps est à moi,0,0,0
575,Le genre est une construction sociale: qu’est-ce que cela veut dire?,0,0,0
576,Quels sont les rapports entre sexe et genre?,0,0,0
577,Masculinité hégémonique,0,0,0
578,Profites tu de privilèges masculins?,0,0,0
579,Frida et le test de Bechdel,0,0,0
580,"La biphobie, ça existe",0,0,0
581,Intersexuation : aller plus loin [Spécial Allié.e.s],0,0,0
582,Consentement et sexualité ! Compte-rendu de l’atelier !,0,0,0
583,Françoise Vergès (politologue) : « Comment le capitalisme gère-t-il le ventre des femmes racisées ? »,0,0,0
584,Pourquoi est-ce que « espèce de débile ! » n’est pas une insulte à utiliser tranquilou,0,0,0
585,"En fait, la psychophobie, tout le monde s’en badigeonne le nombril ?",0,0,0
586,Lettre ouverte à la psychologue qui explique le terrorisme par la folie,0,0,0
587,Les limites du body positive,0,0,0
588,[BD] C’est quoi l’Asexualité ?,0,0,0
589,Femmes violées: une affaire d’hommes (1/2),0,0,0
590,"Une culture du viol à la française, de Valérie Rey-Robert : des clés de lecture pour une lutte féministe",0,0,0
591,Si vous rencontrez une personne traumatisée…,0,0,0
592,13 étapes pour gérer les flashbacks,0,0,0
593,Autisme et/ou TDAH ?,0,0,0
594,Les conseils malvenus,0,0,0
595,Masterpost autisme,0,0,0
596,Peut-on dépolitiser nos cheveux ?,0,0,0
597,J’ai subi la « bonne baise» (viol) selon SeductionByKamal,0,0,0
598,Je suis fatiguée de réconforter des mecs,0,0,0
599,"Qui a peur de l’obésité ? 2e épisode : Le médecin, le patient et les kilos en trop – par Marc Zaffran/Martin WInckler",0,0,0
600,"Non, le masculin ne l’emporte pas sur le féminin!",0,0,0
601,5 bonnes raisons de soutenir la non mixité,0,0,0
602,La violence des opprimé·e·s,0,0,0
603,Le fond et la forme,0,0,0
604,Je me méfie des hommes « féministes »… et vous devriez le faire aussi,0,0,0
605,Lettre aux hommes que j’aime (et qui me le rendent bien),0,0,0
606,Petites notes sur l’appropriation culturelle,0,0,0
607,"[anglais] On Being Non-White, But Passing Terribly Well",0,0,0
608,[anglais] [vidéo avec transcript] Do White-Passing People of Color Have Privilege?,0,0,0
609,Tout ce que je ne devrais pas avoir à dire sur l’affaire Hanouna,0,0,0
610,La honte – Être un petit garçon efféminé,0,0,0
611,Des homosexuels homophobes,0,0,0
612,Le privilège invisible des antiféministes,0,0,0
613,Les concerné-e-s,0,0,0
614,Comment devenir un-e bon-ne allié-e ?,0,0,0
615,La non mixité,0,0,0
616,Le mythe sur le viol et ce qui l’alimente,0,0,0
617,Le mythe du sexisme anti-hommes,0,0,0
618,Injonction à la pédagogie & tone policing,0,0,0
619,"La misogynoire, ce point d’intersection entre sexisme et racisme, attaque l’intégrité, la dignité et l’autonomie corporelle des jeunes filles et des femmes noires, ne la tolérons plus.",0,0,0
620,[image] La culture du viol,0,0,0
621,Du cyberharcèlement à l’autocensure,0,0,0
622,Rendre visible le corps et ses douleurs : les technologies de l’endométriose. Journal d’un diagnostic,0,0,0
623,LOLA OLUFEMI | THE PROBLEM WITH “ACCESSIBLE” FEMINISM / Le problème avec le féminisme TM accessible,0,0,0
624,Tous les hommes sont des connards,0,0,0
625,Ceci n’est pas du second degré,0,0,0
626,La théorie des petites cuillères,0,0,0
627,29 exemples de privilège mince,0,0,0
628,Pourquoi le féminisme doit s’emparer de la grossophobie,0,0,0
629,Les conseils médicaux (qu’on ne devrait pas donner) et la fatigabilité version RPG,0,0,0
630,[anglais] Uncovering the « privilege » of being a white passing person of colour,0,0,0
631,"Blogueuse, française et noire, je me bats contre l’appropriation culturelle",0,0,0
632,"L’afro-féminisme en france, un état des lieux",0,0,0
633,Pourquoi il faut replacer le féminisme au sein de l’islam,0,0,0
634,Privilège blanc : déballer le sac à dos invisible,0,0,0
635,PARANORMAL TABOU,0,0,0
636,La répartition des tâches entre les femmes et les hommes dans le travail de la conversation,0,0,0
637,Vos préférences sexuelles sentent-elles bon le racisme ?,0,0,0
638,Cessez d’employer le concept « d’esclavage » pour parler de la loi travail !,0,0,0
639,Les comparaisons entre la « non mixité femmes » et la « non mixité racisée » sont problématiques,0,0,0
640,Que révèle l’idée selon laquelle «l’islamophobie n’est pas un racisme car les musulmans ne sont pas une race » ?,0,0,0
641,Combattre la racialisation des questions de genre et de sexualité à la racine,0,0,0
642,Pour une lecture anticoloniale de la polémique raciste sur Miss France,0,0,0
643,"Oscars, César : des cérémonies blanches et sèches",0,0,0
644,Comprendre Le Validisme,0,0,0
645,Le Ressenti Des Victimes Ne Se Discute Pas,0,0,0
646,Qu’y A-T-Il De Mal À Faire De L’appropriation Culturelle? Ces 9 Réponses Révèlent Pourquoi C’est Blessant.,0,0,0
647,Vis Ma Vie De Stagiaire Sourde,0,0,0
648,Zoom Sur L’A / Demi / Gray -Sexualité,0,0,0
649,Nue sur Internet : la vie d’une camgirl française.,0,0,0
650,Une ville faite pour les garçons,0,0,0
651,Pourquoi les mecs préfèrent les mecs,0,0,0
652,"La culture du viol, ce poison qui coule aussi dans les veines de ceux qu’on aime",0,0,0
653,L’amour ne fait pas tout.,0,0,0
654,"Rien ne doit dépasser, épisode 1 : les poils.",0,0,0
655,"Rien ne doit dépasser, épisode 2 : préparer le sexe",0,0,0
656,Sourire au racisme: autopsie d’une injonction,0,0,0
657,« Pourquoi n’y a-t-il pas eu de grands artistes femmes ? »,0,0,0
658,Être au clair sur l’antisémitisme,0,0,0
659,Gras politique se bat contre la grossophobie,0,0,0
660,Le viol des vaches laitières,0,0,0
661,[podcast] [anglais] 589: Tell Me I’m Fat,0,0,0
662,L’afroféminisme de Many Chroniques – partie 1,0,0,0
663,Ma première parole militante publique : Conférence autour du film « Ouvrir la voix » d’Amandine Gay,0,0,0
664,[anglais] I’m Suspicious of Male “Feminists” — And You Should Be Too,0,0,0
665,"[anglais] Not All Men? Well, actually…",0,0,0
666,[anglais] Parlons privilèges / Talking about privilege,0,0,0
667,Souris connasse – Etre une femme en 2015,0,0,0
668,Ce que j’ai appris en ne lisant que des auteurs féminins pendant un an,0,0,0
669,6 Forms of Ableism We Need to Retire Immediately / 6 formes de validisme que nous devons arrêter,0,0,0
670,"Street fighter 2 amène encore un autre cliché raciste, les personnages méchant ont la peau foncée.",0,0,0
671,"Un texte n’est jamais « trop intelligent » pour vous, il ne parle simplement pas votre langue",0,0,0
672,Interrogations sur l’antispécisme et ses intersections,0,0,0
673,Le tone policing : un silence de longue durée,0,0,0
674,Beautés noires : La femme noire et le white gaze,0,0,0
675,"Beautés noires – 2 : Misogynoir intracommunautaire, un corps corrompu",0,0,0
676,Beautés noires – 3 : à l’épreuve d’une sororité,0,0,0
677,"Parlons privilège blanc, voulez-vous?",0,0,0
678,Pour les blancs qui s’opposent au racisme : comment arrêter d’avoir tout faux!,0,0,0
679,De l’expression « racisme anti-blancs »,0,0,0
680,Racisme : définition politique,0,0,0
681,Ceci est le Féminisme™,0,0,0
682,La tyrannie de la respectabilité (aka « Respectability Politics »),0,0,0
683,"Antispécisme, l’ultime domination",0,0,0
684,"Les gens et le racisme, un problème d’égo",0,0,0
685,Le Bingo du Macho ou le bingo anti-féministe,0,0,0
686,[vidéo] Trans Youth (la jeunesse transgenre),0,0,0
687,Le point Desproges,0,0,0
688,Le corps racisé entre beauté et sexualisation,0,0,0
689,"Les VéganesTM, ces antispécistes qui nous les brisent.",0,0,0
690,Être ou ne pas être misandre,0,0,0
691,Qu’est-ce que le validisme?,0,0,0
692,Qu’est-ce que l’endométriose ? Le Dr. Martin Winckler nous répond,0,0,0
693,L’utilisation du mot « Black » pour les Noir-e-s de France : une insulte sans nom.,0,0,0
694,"La menstruelle – SOPK, Syndrome des ovaires polykystiques",0,0,0
695,"Pour être crédible, soyez maquillée",0,0,0
696,"Consentement, « zone grise » & mots simples",0,0,0
697,"« Je ne suis pas misogyne, mais… »",0,0,0
698,La femme parfaite est épuisée,0,0,0
699,Développer une communauté bie,0,0,0
700,[anglais]  The largest analysis of film dialogue by gender,0,0,0
701,Anti-guide du questionnement de genre,0,0,0
702,Afroféminisme : Entretien avec Amandine Gay,0,0,0
703,David Hamilton et la réalité de la pornographie,0,0,0
704,La fabrique à machos,0,0,0
705,"Message à l’attention des mecs que j’aime bien mais qui sont oppressifs (oui, toi.)",0,0,0
706,"Le Slutshaming, un outil sexiste de stigmatisation",0,0,0
707,Plaidoyer pour la misandrie,0,0,0
708,Personnes transgenres menacées : comment être un·e bon·ne allié·e ?,0,0,0
709,Quelques conseils pour vivre avec une personne déficiente auditive,0,0,0
710,"FEMMES NOIRES ET TRAVAIL, UN WORKSHOP EN NON-MIXITÉ",0,0,0
711,"Grossophobie, « minçophobie », body-shaming : quelles différences, quelle pertinence pour ces termes ?",0,0,0
712,Peut-on vraiment rester neutre dans une affaire de viol ?,0,0,0
713,Handicap auditif : comment bien se comporter ?,0,0,0
714,Expliquez-moi l’écriture non-sexiste,0,0,0
715,Guide pratique : mieux s’adresser aux personnes transgenres,0,0,0
716,"L’Histoire avec sa grande Cis, ou l’invisibilisation des personnes transgenres",0,0,0
717,"De Stonewall à aujourd’hui, quelle Marche des fiertés ?",0,0,0
718,OBÈSE DANS L’GAME : NOTRE SANTÉ NE REGARDE QUE NOUS,0,0,0
719,DÉPRESSION ET PSYCHOPHOBIE,0,0,0
720,Depuis quand les Chinois sont-ils jaunes ?,0,0,0
721,Le blanc est une couleur,0,0,0
722,Racisme ordinaire : « Tu viens d’où? »,0,0,0
723,"Queer, vous avez dit queer ?",0,0,0
724,[podcast] Féminismes pour toutes,0,0,0
725,[podcast] Les Représentations LGBT+ dans la littérature jeunesse,0,0,0
726,[podcast] Qui sont les conjoints violents ?,0,0,0
727,[podcast]  Asiatiques exotisées,0,0,0
728,[podcast] Cachez ces bourrelets que je ne saurais voir,0,0,0
729,"[podcast] Cheveux crépus, une coiffure à soi",0,0,0
730,"[podcast] Grossophobie, s’excuser d’exister",0,0,0
731,[podcast] La dépigmentation et l’industrie de la « peau blanche »,0,0,0
732,[podcast]  Geïsha malgré moi,0,0,0
733,[podcast] La poudre – Ovidie,0,0,0
734,[podcast] La Poudre – Épisode 17 – Léonora Miano,0,0,0
735,[podcast] La Poudre – Épisode 24 – Sarah Zouak,0,0,0
736,[podcast] Qui a peur de la grande méchante PMA ?,0,0,0
737,[podcast] Ils nous regardent…,0,0,0
738,[anglais] What percentage of a film crew is female?,0,0,0
739,10 choses que vous ignorez (peut-être) sur les séropositifs,0,0,0
740,« Lequel de vous deux va dormir dans le salon ? » : la galère des LGBT+ dans l’accès au logement,0,0,0
741,"« Je me disais que j’étais malade, difforme. Aujourd’hui je suis fier » : Mischa, jeune homme intersexe, témoigne",0,0,0
742,The Supposed Virtue of Not Being Offended,0,0,0
743,Le malheur des autres peut-il être inspirant? — Themetis,0,0,0
744,589: Tell Me I’m Fat,0,0,0
745,PETITE LISTE DE TERMES ET INSULTES OPPRESSIVES… ET COMMENT MIEUX FAIRE !,0,0,0
745,Petite liste de termes et insultes oppressives et comment mieux faire,0,0,0
746,QUELLE PLACE POUR LES ALLIÉ.E.S DANS LE MILITANTISME ?,0,0,0
747,De la comparaison entre élevage et esclavage,0,0,0
748,"Alicen Grey : Vous commencez à savoir ce qu’est la culture du viol, mais savez-vous ce qu’est la culture pédophile ?",0,0,0
749,"Pas tous les hommes ? Eh bien, en fait …",0,0,0
750,"Non, les « Nice Guys » ne sont pas des handicapés sociaux",0,0,0
751,« On est tous un peu schizophrènes/bipolaires/autistes/… » ou la psychophobie gentille,0,0,0
752,La psychophobie intériorisée,0,0,0
753,"L’obsession pour les intérêts spécifiques, les « dons » et les talents « naturels » des personnes autistes",0,0,0
754,"« Devenir moins autiste », « compenser », et autres expressions insidieusement psychophobes",0,0,0
755,Ces neurotypiques qui nous diminuent,0,0,0
756,Pourquoi je ne suis pas (et ne peux pas être) NTphobe,0,0,0
757,Analyse des insultes psychophobes,0,0,0
758,"De la psychophobie chez les véganes, animalistes et antispécistes (2) : la non-prise en compte des handicaps, maladies et difficultés",0,0,0
759,"Quand on dit aux gens que le racisme antiblancs n’existe pas, qu’ils cherchent absolument à contredire ce fait en sortant tous.tes en chœur « EN AFRIQUE DU SUUUDDD »",0,0,0
760,La blackface n’est pas une pratique anodine,0,0,0
761,long thread sur la comparaison viol et insémination artificielle,0,0,0
762,L’asexualité,0,0,0
763,Notre colère est légitime,0,0,0
764,Le masculin l’emporte sur le féminin : bien plus qu’une règle de grammaire,0,0,0
765,Dismantling White Veganism / Démonter le véganisme blanc,0,0,0
766,Est-ce que je suis crédible ?,0,0,0
767,"Féministe et trans, c’est pas contradictoire ?",0,0,0
768,Les hormones c’est remboursé?,0,0,0
769,"Un an de traitement hormonal, déjà ?",0,0,0
770,"La transition, c’est pas un peu… sexiste ?",0,0,0
771,"Moi, ça va",0,0,0
772,Qui sont les violeurs ?,0,0,0
773,"Le partage des tâches, enjeu féministe primordial : « Et toi, concrètement, comment tu fais ? » Ben je fais comme ça. Comme un mec, oui »",0,0,0
774,L’humour est une arme,0,0,0
775,L’humour pour les nuls,0,0,0
776,"[video] Handicapés, haut et fort (1/3) La remise en cause des normes corporelles",0,0,0
777,"[video] Handicapés, haut et fort (2/3) Les représentations dans les médias",0,0,0
778,[podcast] NOIR IS THE NEW BLACK,0,0,0
779,"[podcast] Noir, pas black",0,0,0
780,[podcast] Fais pas ta beurette,0,0,0
781,[podcast]  Noir is the new black (3) : 50 nuances de noir. Entre peaux claires et peaux foncées,0,0,0
782,[podcast] Noir is the new black n°4 : le Noir meurt en premier,0,0,0
783,"[podcast] Sexisme ordinaire en milieu tempéré. Un podcast à soi (n°1, 4 octobre 17) : sexisme chez les cadres",0,0,0
784,[podcast] LE TCHIP – ÉPISODE 2 : A quoi pensent les garçons noirs ?,0,0,0
785,[podcast] Un podcast à soi (n°6) : Le gynécologue et la sorcière,0,0,0
786,[podcast] Un podcast à soi (n°9) : La révolution sera féministe,0,0,0
787,Un podcast à soi (n°10) : Ainsi soient-elles,0,0,0
788,[podcast] Entre femmes,0,0,0
789,"[podcast] L’horloge biologique, on t’a pas sonnée. Un enfant si je veux, quand je veux ?",0,0,0
790,[podcast] Féminismes et handicaps : les corps indociles (19),0,0,0
791,4 Ways You Can Be Raped After You’ve Consented to Sex,0,0,0
792,Afroféminisme en France : lutter pour s’auto-émanciper,0,0,0
793,"Dans les entreprises du CAC 40, le pouvoir reste très largement aux mains des hommes",0,0,0
794,"[podcast] Asiatiques, minorité modèle",0,0,0
795,Contraint·e·s à l’hétérosexualité,0,0,0
796,[podcast] Contre la rhétorique masculiniste,0,0,0
797,[podcast] Être gayfriendly ne suffit pas,0,0,0
798,[podcast] J’élève mon fils,0,0,0
799,Le coût mental du racisme,0,0,0
800,Les vrais hommes ne violent pas,0,0,0
801,[podcast] Masculinités asiatiques,0,0,0
802,[podcast] Pourquoi je peux dire pédé et pas toi,0,0,0
803,"Teen movies, sex academy",0,0,0
804,5 Trends That Are Actually Just Cultural Appropriation,0,0,0
805,18 films à regarder quand vous en avez marre des hommes,0,0,0
806,17 trucs que vous pouvez faire pour soutenir les femmes toute l’année (et pas juste le 8 mars),0,0,0
807,15 femmes voilées que vous devriez connaître,0,0,0
808,Pourquoi le monde français de la mode collabore encore avec Terry Richardson,0,0,0
809,"Pourquoi «fiotte», «tarlouze» ou «tapette» sont des propos homophobes",0,0,0
810,29 films féministes à voir au moins une fois dans sa vie,0,0,0
811,"19 fois où être un homme blanc hétéro, c’était vraiment l’angoisse",0,0,0
812,BuzzFeed Asks 25 Fashion Companies: « Will You Still Work With Terry Richardson? »,0,0,0
813,Voici à quoi ressemble l’écriture inclusive à travers le monde,0,0,0
814,"Dans le sillage de Serena Williams, les femmes noires dénoncent le mépris médical auquel elles font face",0,0,0
815,Comment je me suis éloignée du mouvement body positive,0,0,0
816,27 films qui représentent les personnes LGBT de manière réaliste,0,0,0
817,"La grossophobie, c’est quoi?",0,0,0
818,Il faut en finir avec le cliché de la lesbienne qui couche avec des hommes,0,0,0
819,Que faire si vous êtes victime de cyberharcèlement?,0,0,0
820,La culture du viol est aussi une culture de la surveillance,0,0,0
821,"Judith Butler, théoricienne du genre",0,0,0
822,"‪Bibia ‪‪Pavard‪‪, ‪‪Si je veux, quand je veux. Contraception et avortement dans la société française (1956-1979‪‪)‪",0,0,0
823,"Voile qui dévoile intégrisme, sexisme et racisme",0,0,0
824,Prostitution : des prostituées libres ou victimes de la traite ? [Replay],0,0,0
825,Quand Pénélope Bagieu et les Culottées redessinent l’histoire,0,0,0
826,"Interview : Rokhaya Diallo, une voix contre le racisme",0,0,0
827,"Interview : Féministes contre le cyberharcèlement, la lutte est aussi digitale",0,0,0
828,"Tribune : Le racisme en France, un tabou à lire entre les lignes",0,0,0
829,"Wonder Woman, et les limites du féminisme marketé",0,0,0
830,"Avec Aude Picault, le féminisme détricote un Idéal standard pas si idéal…",0,0,0
831,Les hommes proféministes : compagnons de route ou faux amis ?,0,0,0
832,Comment la blancheur [whiteness] perpétue le racisme ? Entretien avec Robin DiAngelo,0,0,0
833,Pourquoi une nouvelle génération métissée ne mettra pas fin au racisme,0,0,0
834,"[vidéo] Quand Kylie Jenner porte des tresses, elle est accusée d’appropriation culturelle. Mais qu’est-ce que c’est ? Et pourquoi c’est grave ?",0,0,0
835,[vidéo] [anglais] Dark-skinned girls explain colourism.,0,0,0
836,[vidéo] A-t-on peur de la masculinité noire ?,0,0,0
837,[vidéo] Comment éviter le complexe du « sauveur blanc »,0,0,0
838,#ATELIER L’INTERSECTION : CHECKE TES PRIVILEGES !,0,0,0
839,[bd] ANTISPÉCISME & RACISME: Un problème persistant qu’il convient d’aborder.,0,0,0
840,"[vidéo] [avec sous titres] « Vous êtes des bons élèves », « Vous êtes bon en maths », « Vous êtes vraiment un peuple pacifique ».   Dans son livre « Jeune fille modèle », Grace Ly raconte le quotidien d’une jeune Française qui subit les préjugés sur ses origines asiatiques.",0,0,0
841,[vidéo] Amandla Stenberg sur l’appropriation culturelle,0,0,0
842,"Les femmes ne sont pas des vaches, et les vaches ne sont pas des femmes",0,0,0
843,[BD] C’est quoi Intersexe ?,0,0,0
844,[vidéo] Ce vendredi sur FRANCE 24 nous avons entre autres débattu de #Theo et des violences policiers.,0,0,0
845,[vidéo] Algérie-France : vers l’écriture d’une histoire commune ?,0,0,0
846,"[podcast] CORPS, SEXUALITÉ, IDENTITÉ : LA CONSTRUCTION DES RAPPORTS FILLES/GARÇONS À L’ÉCOLE… ET AU-DELÀ",0,0,0
847,[podcast] La lutte contre le cyber harcèlement est-elle vouée à l’échec ?,0,0,0
848,[podcast] Sexisme : quand y’en a plus y’en a encore ?,0,0,0
849,"[podcast] George Sand, itinéraire politique",0,0,0
850,"[podcast] Grande traversée : George Sand, vie singulière d’une auteure majuscule. Masculin-féminin, l’invention de soi",0,0,0
851,"[podcast] Grande traversée : Women’s power, les nouveaux féminismes : « Et qui va faire la vaisselle, on fait des manifestations »",0,0,0
852,"[podcast] Grande traversée : Women’s power, les nouveaux féminismes : »Ne nous libérez pas, on s’en charge »",0,0,0
853,"[podcast] Grande traversée : Women’s power, les nouveaux féminismes : « Nos corps, nos choix »",0,0,0
854,"[podcast] Grande traversée : Women’s power, les nouveaux féminismes : « Nos désirs font désordre »",0,0,0
855,"[podcast] Grande traversée : Women’s power, les nouveaux féminismes : « Quand c’est non, c’est non ! »",0,0,0
856,[podcast] Le racisme anti asiatique est devenu plus banal. Il y a une jalousie.,0,0,0
857,"[podcast] Guerre d’Algérie, 1958 (1/4) Le réformisme colonial en Algérie des origines jusqu’au plan de Constantine",0,0,0
858,[podcast] La lutte contre les stéréotypes favorise-t-elle vraiment l’égalité ?,0,0,0
859,[podcast] Mobiliser Fanon,0,0,0
860,"[podcast] Viol : seule une femme sur dix porte plainte, pourquoi ?",0,0,0
861,[podcast] La virilité (2/4) Tous des garçons manqués?,0,0,0
862,[podcast] Le corps des femmes en marche,0,0,0
863,[podcast] Histoire du poil,0,0,0
864,[podcast] L’année 2013 vue par la philosophie (1/5) : Hommes/ femmes: la parité nous met-elle à égalité ?,0,0,0
865,[podcast] Les droits de l’homme (3/0) …Et des femmes?,0,0,0
866,"[podcast] La France vue de l’étranger (2/5). Luttes féministes, anti-coloniales, anti-racistes",0,0,0
867,[podcast] Le blanc (2/5) : Le concept de blanchité,0,0,0
868,[podcast] Angela Davis : « Pour détruire les racines du racisme il faut renverser tout le système capitaliste »,0,0,0
869,[podcast] Journal d’une prostituée de campagne,0,0,0
870,[podcast] Le consentement,0,0,0
871,Rouge comme les règles,0,0,0
872,"[podcast] Masculins, est-ce ainsi que les hommes se vivent (2/4). Combattre les héros, construction-déconstruction de la virilité",0,0,0
873,Place aux gros (1/4) – Tous grossophobes !,0,0,0
874,Place aux gros (3/4) – Obésité : une maladie de pauvre,0,0,0
875,Place aux gros (4/4) – Aimer tous les corps,0,0,0
876,"[podcast] 2ème étape, Tunisie : faire sa révolution",0,0,0
877,L’espace urbain est-il machiste ?,0,0,0
878,"[podcast] Les transidentités, racontées par les trans",0,0,0
879,Sortir les lesbiennes du placard,0,0,0
880,[podcast] Histoires au féminin ou presque (2/4) : « Cachez ce sein… »,0,0,0
881,[podcast] Les féministes islamiques,0,0,0
882,[podcast] Frantz Fanon : le corps et le langage,0,0,0
883,Libres travailleuses du sexe,0,0,0
884,"Le français “petit-nègre”, une construction de l’armée coloniale française",0,0,0
885,Le racisme anti-Blancs existe-t-il ?,0,0,0
886,"Utérus, joli décolleté ou pedigree d’un mari : le sexisme ordinaire envers les femmes journalistes",0,0,0
887,"[podcast] Gestation pour autrui : derrière le fantasme, la réalité",0,0,0
888,[podcast] Notre société déteste-t-elle les gros ?,0,0,0
889,[podcast] On les appelle les « afro-féministes ».,0,0,0
890,[podcast] Être contre les femmes… tout contre,0,0,0
891,[podcast] Parité : verrous psychologiques et stéréotypes de genre,0,0,0
892,"[podcast] Mathilde Larrère, historienne, spécialiste des révolutions et de la citoyenneté",0,0,0
893,"Nassira Hedjerassi, sociologue en sciences de l’éducation, philosophe de formation",0,0,0
894,"[podcast] Les Savantes –  Françoise Vergès, politologue",0,0,0
895,"[podcast] Réjane Sénac, politologue",0,0,0
896,La ville est-elle faite par et pour les mecs ?,0,0,0
897,[podcast] Les femmes autistes sont-elles sous-diagnostiquées ?,0,0,0
898,Une nouvelle façon d’écrire pour en finir avec les inégalités femmes · hommes ?,0,0,0
899,"Deux poids, deux mesures, des patientes dénoncent la grossophobie ordinaires",0,0,0
900,"QU’EST-CE QUE LA CHARGE RACIALE, QUI PÈSE SUR LES PERSONNES NON-BLANCHES ?",0,0,0
901,[vidéo] Racisme anti-asiatiques : l’interview « Rep à ça » de Grace Ly,0,0,0
902,Les femmes noires reçoivent une insulte sur Twitter toutes les 30 secondes,0,0,0
903,La représentation des catégories socioprofessionnelles à la télévision,0,0,0
904,"L’endométriose, mon utérus et moi",0,0,0
905,De la fragilité des privilégiés à la posture d’allié-e,0,0,0
906,«Critiquer Israël n’est pas antisémite»,0,0,0
907,"Affaire Weinstein: le silence des femmes, et celui des hommes",0,0,0
908,Comment la testostérone vient aux hommes (et aux femmes aussi),0,0,0
909,Quand la pub s’attaque aux clichés sexistes… qu’elle a fabriqués,0,0,0
910,"Et si, comme elles, on accouchait sans pousser ?",0,0,0
911,"Les juifs et l’argent : « Il faut éduquer dès l’école. Après, c’est trop tard »",0,0,0
912,Obésité et marché du travail : les impacts de la corpulence sur l’emploi et le salaire,0,0,0
913,Ouvrir la voix : les combattantes,0,0,0
914,"Masculin, féminin, des rôles fabriqués",0,0,0
915,Peut-on être féministe et manger de la viande?,0,0,0
916,Si seulement mes enfants pouvaient ne pas apprendre «le masculin l’emporte toujours sur le féminin»,0,0,0
917,"Discrimination vocale et sujets «féminins», le sexisme à la radio",0,0,0
918,Le voile n’est pas incompatible avec le féminisme,0,0,0
919,« J’ai reçu plus de 1.200 messages d’insultes sur Facebook »,0,0,0
920,Petit manuel d’autodéfense contre le harcèlement sur Internet,0,0,0
921,Six mesures que l’État doit prendre contre le cyberharcèlement,0,0,0
922,"Quand on dit « enculé » ou « je t’encule », ce sont les homos qu’on insulte",0,0,0
923,"Le féminisme blanc et bourgeois, très peu pour nous",0,0,0
924,"[vidéo] [anglais] La violence contre les femmes, c’est un problème d’hommes / Violence against women — it’s a men’s issue",0,0,0
925,[vidéo] [anglais avec sous titres français] The urgency of intersectionality / L’urgence de l’intersectionnalité,0,0,0
926,[vidéo] Que represente mon voile pour vous,0,0,0
927,[podcast] The podcaster encouraging women everywhere to talk about their abortions,0,0,0
928,[anglais] Famous films re-edited to highlight Hollywood’s race problem,0,0,0
929,[anglais] Pourquoi les personnes blanches sont des expatrié-es alors que nous sommes des immigré-es / Why are white people expats when the rest of us are immigrants?,0,0,0
930,Pourquoi les travailleuses du sexe ne dénoncent elles pas les agressions qu’elles subissent,0,0,0
931,Personne n’aime le féminisme islamique,0,0,0
932,La Vie d’une prostituée chinoise à Paris,0,0,0
933,La Yellow Fever n’est rien d’autre qu’un fétichisme raciste,0,0,0
934,[vidéo] [avec sous titres] AAH et dépendance organisée,0,0,0
935,[vidéo] Les blancs / White People | Official Full Documentary | MTV,0,0,0
936,[vidéo] Un cookie ? : le devoir de pédagogie,0,0,0
937,[vidéo] Born Sexy Yesterday,0,0,0
938,"[vidéo] La non-mixité 101 (ft. Naya, Selene, Buffy, Margot)",0,0,0
939,[vidéo] Un pavé dans la mare 4 : les Lego,0,0,0
940,[vidéo] Mathilde Larrère – De bamboula à l’histoire du racisme (et retour),0,0,0
941,"[vidéo] Un cookie ? : la GPA c’est la merchandisation du corps, c’est horrible !",0,0,0
942,"[vidéo] La binarité, c’est pas mon genre",0,0,0
943,"[vidéo] I’m not your inspiration, thank you very much | Stella Young",0,0,0
944,Un cookie ? : Je veux juste analyser le féminisme de manière objective,0,0,0
945,[vidéo] Un cookie ? : Les hommes ont des besoins naturels,0,0,0
946,[vidéo] Un cookie ? : les violeurs / harceleurs ont peut être vécu des choses difficiles,0,0,0
947,[vidéo] Je veux savoir ce qu’est… la culture du viol,0,0,0
948,[vidéo] 10 FILMS LESBIENS À VOIR AVANT DE MOURIR! [fr/eng sub],0,0,0
949,"[vidéo] Damso, rap et misogynie : Françoise Vergès, féministe, réagit !",0,0,0
950,[vidéo] Kesak’oh ! #4 – RACISME ANTI-BLANC,0,0,0
951,Leslie T. Chang: The voices of China’s workers,0,0,0
952,[vidéo] Un cookie ? : les féministes extrémistes qui veulent trop l’égalité,0,0,0
953,[vidéo] Mansplaining: quand l’homme explique aux femmes,0,0,0
954,[vidéo] Point Culture : Les « clichés » de films de super-héros,0,0,0
955,[vidéo] « Tu subis la maladie plutôt que de vivre »,0,0,0
956,[vidéo] Un cookie ? : Tous les hommes ne sont pas des violeurs,0,0,0
957,[vidéo] Viol – Ce qui se passe dans le cerveau pendant un viol – sidération,0,0,0
958,[vidéo] Histoire – La question de la race décryptée par l’historienne Françoise Vergès,0,0,0
959,[vidéo] Sexe assigné à la naissance 101,0,0,0
960,[vidéo] La théorie des cuillères,0,0,0
961,[vidéo] Un cookie ? – La journée internationale des droits de la femme,0,0,0
962,[vidéo] Consentement tasse de thé,0,0,0
963,[vidéo] La misogynoir | Keyholes & Snapshots,0,0,0
964,[vidéo] Doit-on toujours faire de la pédagogie ?,0,0,0
965,[vidéo] Un cookie ? : les féministes n’ont pas d’humour,0,0,0
966,[vidéo] Un cookie ? : la misandrie,0,0,0
967,[vidéo] FOCUS — Violences sexuelles : la sidération psychique,0,0,0
968,[vidéo] Un cookie ? : tone policing et sealioning,0,0,0
969,[vidéo] [anglais] What is privilege ?,0,0,0
970,[vidéo] Les micro aggressions sont commes des piqures de moustique,0,0,0
971,[vidéo]  #SERIE | FEMMES AU TRAVAIL : ce que les séries ne montrent pas,0,0,0
972,[vidéo] Sexualités et consentement : la zone grise,0,0,0
973,"[vidéo] Sexe, amour et handicap – INFRAROUGE",0,0,0
974,[vidéo] LA MALEDICTION DE CHAM,0,0,0
975,[vidéo] [anglais] La lingerie n’est pas une armure / Lingerie is not Armor – Tropes vs Women in Video Games,0,0,0
976,[vidéo] Syndrome d’Asperger et fatigabilité : la théorie des cuillères,0,0,0
977,[vidéo] Kezak oh ! #2 – APPROPRIATION CULTURELLE,0,0,0
978,[vidéo] FOCUS – La sidération : pour aller plus loin,0,0,0
979,[vidéo] 7 SERIES LESBIENNES A VOIR AVANT DE MOURIR [fr/eng sub],0,0,0
980,[vidéo] Identité de genre et expression de genre 101,0,0,0
981,[vidéo] Comment traduire le black feminism,0,0,0
982,"[vidéo] Un cookie ? : Le plus important, c’est que le message passe, osef si ça vient d’un homme",0,0,0
983,[vidéo] Comment aider une personne qui a le SED et/ou un TAG (trouble anxieux généralisé),0,0,0
984,[video] faux viols / false rape accusations,0,0,0
985,"[vidéo] À 16 ans, Amandla Stenberg sur l’appropriation culturelle",0,0,0
986,[vidéo] Françoise Vergès – Méthodologie décoloniale,0,0,0
987,[vidéo]  RACISME ANTI ASIATIQUE EXPLIQUÉ,0,0,0
988,[vidéo] Des conseils de films LGBT ? – Princesse répond,0,0,0
989,[vidéo] Bisexualité et pansexualité,0,0,0
990,[vidéo ] ÉDITO — Du viol et de la responsabilité journalistique,0,0,0
991,[vidéo] Les flics (tout le monde déteste la police?),0,0,0
992,[vidéo] [avec sous titres] Je ne suis pas ta leçon de vie,0,0,0
993,[vidéo] Un cookie ? : les blagues sexistes,0,0,0
994,[vidéo] Un cookie ? : le sexisme anti-hommes,0,0,0
995,[vidéo] Est-ce Mon Devoir de Vous Éduquer ? | 5 Minutes Chronique,0,0,0
996,[vidéo] Un cookie ? : le féminisme c’était utile avant…,0,0,0
997,[vidéo] AFRO-FEMINISME et INTERSECTIONNALITE,0,0,0
998,"[vidéo] Privilège blanc, racisme / TIM WISE – White Privilege, Racism, White Denial & The Cost of Inequality",0,0,0
999,[vidéo] Le colorisme | Keyholes & Snapshots,0,0,0
1000,"[vidéo] Trans, c’est pas mon genre, infrarouge",0,0,0
1001,Les microagressions | Keyholes & Snapshots,0,0,0
1002,How racism makes us sick / Comment le racisme nous rend malades,0,0,0
1003,[anglais] [video] Predatory Romance in Harrison Ford Movies,0,0,0
1004,[vidéo] Overcoming Ableism: What You Don’t Know As An Able Bodied Person | Naty Rico | TEDxUCIrvine / Ce que tu ne sais pas en tant que personne valide,0,0,0
1005,[vidéo] The Adorkable Misogyny of The Big Bang Theory,0,0,0
1006,[vidéo] LTDA 03 – Ce n’est PAS l’intention qui compte,0,0,0
1007,[vidéo]  La non-mixité | Keyholes & Snapshots,0,0,0
1008,"[vidéo] Médias sexistes, la chronique de Philippe Vandel",0,0,0
1009,[vidéo] Conférence-Débat « Ouvrir La Voix »,0,0,0
1010,[vidéo] Un cookie ? : Vous ne voulez pas l’égalité mais la domination,0,0,0
1011,Un cookie ? : les violeurs sont des malades mentaux,0,0,0
1012,[vidéo] Un cookie ? : Les hommes ont des besoins naturels,0,0,0
1013,[vidéo] Un cookie ? : les violeurs / harceleurs ont peut être vécu des choses difficiles,0,0,0
1014,[vidéo] [anglais] Color film was built for white people. Here’s what it did to dark skin.,0,0,0
1015,[vidéo] Un cookie ? : Les métiers de l’enfance réservés aux femmes,0,0,0
1016,[vidéo] Un cookie ? : les violeurs sont des malades mentaux,0,0,0
